entry_time,exit_time,side,entry_price,exit_price,qty,bars_held,score_at_entry,pnl,return_pct,exit_reason
2025-09-27 17:00:00+00:00,2025-09-27 22:00:00+00:00,SHORT,109340.277744,109702.5151995706,0.018276887906567087,5,-3.6,-9.022625715046365,-0.004514924797361071,stop
2025-09-27 23:00:00+00:00,2025-09-28 14:00:00+00:00,SHORT,109593.415072,109830.16028589802,0.018218219745824996,15,4.1,-6.711580478537249,-0.0033615099855290142,stop
2025-09-28 15:00:00+00:00,2025-09-28 22:00:00+00:00,LONG,110159.967528,111152.188385245,0.018141351038255663,7,5.5,15.591285973087361,0.007801686792242467,stop
2025-09-28 23:00:00+00:00,2025-09-29 02:00:00+00:00,LONG,112287.42813599999,111591.31583917473,0.017825427354738306,3,3.5000000000000004,-14.802939749998426,-0.007395659131176783,stop
2025-09-29 03:00:00+00:00,2025-09-29 13:00:00+00:00,LONG,111990.00038399998,112245.71850663201,0.017846311544024666,10,5.9,2.1625569847718804,0.001082031349961115,stop
2025-09-29 14:00:00+00:00,2025-09-30 08:00:00+00:00,LONG,114195.53339999999,113525.81758182889,0.017505424551695976,18,3.2,-14.115475083125112,-0.007061122311463328,stop
2025-09-30 12:00:00+00:00,2025-10-01 08:00:00+00:00,LONG,113132.02327199999,114752.30102045948,0.017645012286064188,20,5.9,26.177207757238893,0.013113414849102098,stop
2025-10-01 09:00:00+00:00,2025-10-02 00:00:00+00:00,LONG,116548.073928,119302.62948230596,0.017172789759896584,15,4.4,44.87327468941831,0.022420320166543807,tp
2025-10-02 01:00:00+00:00,2025-10-02 15:00:00+00:00,LONG,118778.937192,118513.35224286937,0.01692587467674083,14,6.7,-6.905085296652521,-0.003434618396459499,stop
2025-10-02 16:00:00+00:00,2025-10-03 08:00:00+00:00,LONG,119919.11860799999,119424.81863764404,0.016753419359615416,16,4.5,-10.6871123039333,-0.005319471491352154,stop
2025-10-03 09:00:00+00:00,2025-10-03 15:00:00+00:00,LONG,120490.33521599999,120907.89149768348,0.016656241741537035,6,5.9,4.542446036344596,0.0022633960239747254,stop
2025-10-03 16:00:00+00:00,2025-10-05 02:00:00+00:00,LONG,122743.34618399998,122885.34805072146,0.01635791616651307,34,5.9,-0.08792952171073054,-4.379341110107488e-05,stop
2025-10-05 03:00:00+00:00,2025-10-05 04:00:00+00:00,LONG,123910.288992,123737.33976854249,0.016203721121429454,1,5.9,-5.210108852764839,-0.002594924144956198,stop
2025-10-05 05:00:00+00:00,2025-10-05 09:00:00+00:00,LONG,125236.97949599999,124023.81597061275,0.01602374090775819,4,3.9000000000000004,-21.835872252558843,-0.010881131181471281,stop
2025-10-05 10:00:00+00:00,2025-10-06 21:00:00+00:00,LONG,123146.44840799998,124479.05798713754,0.016260267910365285,35,4.7,19.252714531440898,0.009614847123951277,stop
2025-10-06 22:00:00+00:00,2025-10-07 06:00:00+00:00,LONG,125201.67127199999,123866.49668709662,0.016024130079750343,8,2.6,-23.789671660929365,-0.011857792876051265,stop
2025-10-07 07:00:00+00:00,2025-10-07 11:00:00+00:00,SHORT,123651.86930399999,124655.164416,0.016160583089326233,4,4.5,-18.6215058906487,-0.00931873766824431,signal
2025-10-07 12:00:00+00:00,2025-10-07 13:00:00+00:00,LONG,125103.76300799998,123959.47165444815,0.015968814984711494,1,3.2,-20.659323741765327,-0.010341250041108438,stop
2025-10-07 14:00:00+00:00,2025-10-08 08:00:00+00:00,SHORT,122730.7368,122813.95899224046,0.016217913123813807,18,3.2,-3.739023810352169,-0.0018784944646058801,stop
2025-10-08 14:00:00+00:00,2025-10-08 16:00:00+00:00,SHORT,122262.12199199999,123196.37831999999,0.016273962762203567,2,4.0,-17.600802188471384,-0.008846005701242216,signal
2025-10-08 17:00:00+00:00,2025-10-09 01:00:00+00:00,LONG,124188.86167199998,122628.4635187948,0.016018765843977417,8,-3.6,-27.36787800264954,-0.013757180195692718,stop
2025-10-09 02:00:00+00:00,2025-10-09 11:00:00+00:00,SHORT,121552.450184,122785.39858942686,0.016295045278627587,9,3.3,-22.479847878069542,-0.01134943074041383,stop
2025-10-09 12:00:00+00:00,2025-10-09 13:00:00+00:00,LONG,123704.88479999999,122394.07120225101,0.016000781035783198,1,-2.9,-23.33670666118463,-0.011789938398215329,stop
2025-10-09 14:00:00+00:00,2025-10-10 00:00:00+00:00,SHORT,121280.94756,121953.38286513604,0.016256029812447812,10,-2.3,-13.303543083314946,-0.006747769702131105,stop
2025-10-10 02:00:00+00:00,2025-10-10 13:00:00+00:00,SHORT,121027.45052,122389.42640627419,0.016268111992015798,11,3.2,-24.53273605708346,-0.012460198128198593,stop
2025-10-10 14:00:00+00:00,2025-10-10 19:00:00+00:00,SHORT,120427.610776,117205.65240757624,0.016308431966212067,5,-4.9,50.219833306083515,0.02557036871088787,tp
2025-10-10 20:00:00+00:00,2025-10-10 21:00:00+00:00,SHORT,114225.876136,109002.2611776454,0.017281735938111206,1,-4.4,87.95847251884557,0.04455801301892865,tp
2025-10-10 22:00:00+00:00,2025-10-12 06:00:00+00:00,SHORT,113923.54819199999,112150.88545586128,0.017481890982480583,32,-4.1000000000000005,28.618171540107852,0.014369444262665145,stop
2025-10-12 07:00:00+00:00,2025-10-12 14:00:00+00:00,SHORT,111528.7056,112458.99528,0.017908556317275975,7,4.5,-19.066922939012663,-0.009546262505246915,signal
2025-10-12 15:00:00+00:00,2025-10-13 04:00:00+00:00,LONG,113336.786952,114699.76672,0.01761740376814361,13,-3.7,21.601717676705444,0.010818710047922066,signal
2025-10-13 06:00:00+00:00,2025-10-13 11:00:00+00:00,LONG,115380.08028,113676.30086102017,0.017342887372513657,5,-3.2,-31.931953983024506,-0.015957808689301096,stop
2025-10-13 13:00:00+00:00,2025-10-13 14:00:00+00:00,LONG,115544.79194399998,113927.31998621309,0.017262848492427953,1,-4.0,-30.298978728919256,-0.015190258214283504,stop
2025-10-13 17:00:00+00:00,2025-10-14 01:00:00+00:00,LONG,115204.43987999999,114265.034784,0.017261206216595,8,-4.0,-18.591817036529427,-0.0093493513090321,signal
2025-10-14 02:00:00+00:00,2025-10-14 13:00:00+00:00,SHORT,113612.787,110099.75763649448,0.017442341594006823,11,-4.7,58.934215814590985,0.029739626374306057,tp
2025-10-14 14:00:00+00:00,2025-10-14 16:00:00+00:00,SHORT,111388.08818400001,113129.81642122395,0.017896441948950417,2,-4.7,-33.58158127608645,-0.016845957324336337,stop
2025-10-14 18:00:00+00:00,2025-10-16 16:00:00+00:00,SHORT,112813.26712799999,108132.3726961841,0.017610867598871344,46,-5.2,80.09998543730877,0.04031730632143438,tp
2025-10-16 17:00:00+00:00,2025-10-17 15:00:00+00:00,SHORT,108229.077416,106829.25973723122,0.01850470076705125,22,-4.7,23.515453168156526,0.011741601303615843,stop
2025-10-17 16:00:00+00:00,2025-10-19 09:00:00+00:00,SHORT,106306.876408,107552.6101833158,0.01888350112304834,41,4.5,-25.946864658328266,-0.012925311265821308,stop
2025-10-19 14:00:00+00:00,2025-10-20 00:00:00+00:00,LONG,108520.92734399998,108022.63608451339,0.0184800022439113,10,2.9,-11.609458916271693,-0.00578890554033248,stop
2025-10-20 02:00:00+00:00,2025-10-20 03:00:00+00:00,LONG,108892.99475999999,108508.71339209696,0.018395519711315672,1,5.7,-9.468585922502754,-0.004726864147034692,stop
2025-10-20 04:00:00+00:00,2025-10-21 01:00:00+00:00,LONG,110544.04454399999,109774.04501669003,0.01810362564196723,21,-4.0,-16.332916916247378,-0.008161365768440624,stop
2025-10-21 02:00:00+00:00,2025-10-21 12:00:00+00:00,SHORT,109464.887976,109221.01195269078,0.01822305424955204,10,-4.7,2.0530909921213136,0.0010292294217366309,stop
2025-10-21 13:00:00+00:00,2025-10-21 14:00:00+00:00,SHORT,108381.22559999999,109797.8426217983,0.018409045207472267,1,5.7,-28.488447794091485,-0.014278528907237189,stop
2025-10-21 15:00:00+00:00,2025-10-21 18:00:00+00:00,LONG,113574.78719999999,111636.32502021022,0.01754515725569493,3,3.7,-36.38144240640883,-0.018257475080894512,stop
2025-10-21 19:00:00+00:00,2025-10-21 22:00:00+00:00,LONG,111930.47279999999,109971.10004039085,0.017737845133037094,3,-3.3,-37.11668400813046,-0.01869476337379832,stop
2025-10-21 23:00:00+00:00,2025-10-23 06:00:00+00:00,SHORT,108275.580184,109284.78109562503,0.018238774443562096,31,4.5,-20.78740840970948,-0.010526262029314176,stop
2025-10-23 12:00:00+00:00,2025-10-23 13:00:00+00:00,SHORT,109110.481728,109625.86058399998,0.018061140394722407,1,4.2,-11.678706547442136,-0.005926292791916479,signal
2025-10-23 14:00:00+00:00,2025-10-23 20:00:00+00:00,LONG,109719.32529599998,109366.33627410399,0.01796837242513561,6,2.9,-8.704605863470839,-0.004415269757913061,stop
2025-10-23 22:00:00+00:00,2025-10-24 14:00:00+00:00,LONG,110073.38831999998,109919.9942576772,0.017894746544161788,16,-4.0,-5.106983360217765,-0.0025927256008483803,stop
2025-10-24 15:00:00+00:00,2025-10-24 18:00:00+00:00,SHORT,109982.03392799999,110710.05724799998,0.01787169847763555,3,3.9,-15.37749876566485,-0.00782344664828513,signal
2025-10-24 19:00:00+00:00,2025-10-26 09:00:00+00:00,LONG,110712.63931199998,111681.8906061223,0.017754388509895535,33,5.5,14.83937670758137,0.0075494052112335865,stop
2025-10-26 10:00:00+00:00,2025-10-26 22:00:00+00:00,LONG,112589.989992,113413.80783960067,0.017484728980638943,12,5.9,12.033262702502682,0.006112582201584819,stop
2025-10-26 23:00:00+00:00,2025-10-27 09:00:00+00:00,LONG,114639.72847199999,114738.78718866731,0.017193115031556544,10,4.1000000000000005,-0.6631108127733056,-0.0003364312986705927,stop
2025-10-27 10:00:00+00:00,2025-10-27 14:00:00+00:00,LONG,115554.21948,114418.19233535785,0.01705590085255465,4,4.0,-21.729398337674702,-0.011025219134917637,stop
2025-10-27 15:00:00+00:00,2025-10-27 20:00:00+00:00,LONG,115057.97279999999,114323.95604048848,0.01709166176247762,5,3.2,-14.897877186860331,-0.0075757107100343285,stop
2025-10-27 21:00:00+00:00,2025-10-28 09:00:00+00:00,SHORT,114208.56999199999,114615.98949599998,0.017165181444407835,12,4.6000000000000005,-9.350118759679408,-0.004769469048872131,signal
2025-10-28 10:00:00+00:00,2025-10-28 14:00:00+00:00,LONG,114691.69000799999,114289.49491812782,0.017103928586007053,4,5.2,-9.229002795525739,-0.004704646001730459,stop
2025-10-28 15:00:00+00:00,2025-10-28 19:00:00+00:00,LONG,114731.57188799999,113797.27668151239,0.017081882221738485,4,3.2,-18.301742402876386,-0.009338427932245295,stop
2025-10-28 20:00:00+00:00,2025-10-29 18:00:00+00:00,SHORT,112727.615704,109156.4700263958,0.017325307045382203,22,-5.7,59.564669420024494,0.030498429375047733,tp
2025-10-29 19:00:00+00:00,2025-10-30 04:00:00+00:00,SHORT,110555.79455199999,110752.2519571901,0.017773324013137404,9,-5.7,-5.851728887617518,-0.002978064012201271,stop
2025-10-30 05:00:00+00:00,2025-10-31 00:00:00+00:00,SHORT,110181.83396,108680.41819118541,0.017823033779911183,19,-3.2,24.419310377331005,0.012434884847000073,stop
2025-10-31 07:00:00+00:00,2025-10-31 14:00:00+00:00,SHORT,109295.763384,110946.69655558928,0.01801217579377506,7,4.5,-32.11712605385187,-0.016314252193731952,stop
2025-10-31 16:00:00+00:00,2025-11-01 04:00:00+00:00,SHORT,108682.13467999999,110514.0501719165,0.01805481851174889,12,-2.6,-35.449430136995346,-0.018065832149954837,stop
2025-11-01 13:00:00+00:00,2025-11-01 20:00:00+00:00,SHORT,109803.32700800001,110453.28199199999,0.017805945013449592,7,3.6,-13.926188947542904,-0.007122816500296018,signal
2025-11-01 21:00:00+00:00,2025-11-02 04:00:00+00:00,SHORT,109726.938168,110568.55358571142,0.017792977968726108,7,5.3,-17.326672284309637,-0.008874691384103883,stop
2025-11-02 05:00:00+00:00,2025-11-02 13:00:00+00:00,LONG,110542.34318399998,110104.71698063063,0.01765863760322102,8,4.2,-10.06567841517083,-0.005156525753387794,stop
2025-11-02 16:00:00+00:00,2025-11-02 23:00:00+00:00,SHORT,110017.925192,110624.43880799999,0.01769616089957658,7,3.5,-13.075676201284107,-0.0067161695070188975,signal
2025-11-03 00:00:00+00:00,2025-11-03 06:00:00+00:00,SHORT,109656.4546,107250.92938017903,0.017730665011881086,6,-4.4,40.34401455190351,0.020750085325418288,tp
2025-11-03 07:00:00+00:00,2025-11-03 15:00:00+00:00,SHORT,107358.054792,107630.7644459734,0.01818535381023578,8,-5.9,-7.30511019082576,-0.003741712219865244,stop
2025-11-03 16:00:00+00:00,2025-11-04 05:00:00+00:00,SHORT,106572.6736,106488.56580563242,0.018305671535209227,13,-6.7,-0.8004877820226595,-0.0004103204677019771,stop
2025-11-04 06:00:00+00:00,2025-11-04 20:00:00+00:00,SHORT,104623.604104,99829.82204388245,0.01864516525480433,14,-4.4,87.0936179559451,0.044646808379737626,tp
2025-11-04 21:00:00+00:00,2025-11-05 12:00:00+00:00,SHORT,100178.403112,102441.96358653915,0.019646242259264615,15,-2.6,-46.85889473778436,-0.02380885121408532,stop
2025-11-05 13:00:00+00:00,2025-11-05 20:00:00+00:00,LONG,103049.78392799999,103758.906416,0.019038384685888213,7,-3.7,11.13816467406602,0.005677229504938786,signal
2025-11-05 21:00:00+00:00,2025-11-07 12:00:00+00:00,SHORT,103573.11516799999,99359.29140939063,0.0189333954357545,39,-6.7,77.47667181805292,0.03950894310773046,tp
2025-11-07 13:00:00+00:00,2025-11-07 17:00:00+00:00,SHORT,100197.487832,101795.00844771306,0.019725780823953765,4,-3.9000000000000004,-33.90301735312163,-0.01715328548319135,stop
2025-11-07 19:00:00+00:00,2025-11-08 05:00:00+00:00,LONG,103432.65998399998,102165.79192799999,0.019073787198772292,10,-3.8000000000000003,-26.51689638116609,-0.013440891178494747,signal
2025-11-08 06:00:00+00:00,2025-11-09 13:00:00+00:00,SHORT,102097.2568,102724.47521001605,0.01924047158654067,31,4.5,-14.43249802549592,-0.0073470284386922095,stop
2025-11-09 14:00:00+00:00,2025-11-10 00:00:00+00:00,LONG,103107.48004799998,104476.25315850649,0.01905444798222918,10,4.9,23.707979965816005,0.012067241581341837,stop
2025-11-10 01:00:00+00:00,2025-11-10 14:00:00+00:00,LONG,105778.044792,105064.12166842453,0.01861824453548845,13,-4.0,-15.647301902399258,-0.007945206636257347,stop
2025-11-10 17:00:00+00:00,2025-11-11 06:00:00+00:00,LONG,106008.74920799998,104769.05414014334,0.01854818168466926,13,3.2,-25.33981634715137,-0.012887254684846557,stop
2025-11-11 12:00:00+00:00,2025-11-12 08:00:00+00:00,SHORT,104452.351216,104220.39467475939,0.01874598410020448,20,-3.2,2.0011880480663553,0.0010220248033038072,stop
2025-11-12 14:00:00+00:00,2025-11-12 15:00:00+00:00,SHORT,103897.585384,103973.5735458687,0.018849928276054372,1,-6.7,-3.7833852629470535,-0.0019318144544437363,stop
2025-11-12 16:00:00+00:00,2025-11-13 05:00:00+00:00,SHORT,101338.864,102854.51366588727,0.019318412340133276,13,-3.2,-31.646760328919896,-0.016165226526387706,stop
2025-11-13 13:00:00+00:00,2025-11-13 18:00:00+00:00,SHORT,102217.930184,98553.71123696711,0.019090404870612445,5,-5.9,67.65173608066885,0.03466863353426625,tp
2025-11-13 19:00:00+00:00,2025-11-13 23:00:00+00:00,SHORT,98551.05603200001,100378.4153100869,0.019937900965250995,4,-4.7,-38.81344997364199,-0.019753385090668502,stop
2025-11-14 00:00:00+00:00,2025-11-14 23:00:00+00:00,SHORT,98850.216512,94029.87555244756,0.019799093865480767,23,-4.1000000000000005,93.1470724932605,0.04759334951727348,tp
2025-11-15 00:00:00+00:00,2025-11-16 09:00:00+00:00,SHORT,94993.944,96635.24639999999,0.020798791408336913,33,3.9,-36.52849959092931,-0.018488335574739227,signal
2025-11-16 11:00:00+00:00,2025-11-17 00:00:00+00:00,SHORT,95493.034408,95093.17736636622,0.020613643530716808,13,-3.9000000000000004,5.885304780654041,0.0029898025163734,stop
2025-11-17 01:00:00+00:00,2025-11-17 14:00:00+00:00,SHORT,94628.9862,95608.3510320288,0.020814293477661214,13,-5.2,-22.760580496081676,-0.011555732321351047,stop
2025-11-17 15:00:00+00:00,2025-11-18 04:00:00+00:00,SHORT,93791.816472,89589.48592232709,0.02095158287547038,13,-4.4,85.74019964863722,0.04363175724886412,tp
2025-11-18 05:00:00+00:00,2025-11-18 12:00:00+00:00,SHORT,90034.804488,91734.13206318063,0.022016167510154297,7,-4.1000000000000005,-39.81379376295324,-0.02008544303944559,stop
2025-11-18 13:00:00+00:00,2025-11-18 15:00:00+00:00,SHORT,91312.031888,92931.67507180835,0.021621082216501025,2,4.5,-37.40856744014642,-0.018948098867260163,stop
2025-11-18 16:00:00+00:00,2025-11-18 19:00:00+00:00,LONG,93518.76520799998,93049.490808,0.021064634446000628,3,-3.7,-12.243088958188798,-0.006214959664157976,signal
2025-11-18 20:00:00+00:00,2025-11-19 15:00:00+00:00,SHORT,92674.77082399999,91946.76621372535,0.021196087611827813,19,-6.7,13.082896936746709,0.006660191145486622,stop
2025-11-19 16:00:00+00:00,2025-11-19 23:00:00+00:00,SHORT,89761.16357599999,90873.3764062165,0.021913230283049995,7,-3.2,-26.74714763531898,-0.013598236760515827,stop
2025-11-20 01:00:00+00:00,2025-11-20 12:00:00+00:00,LONG,92596.678128,91674.22190399999,0.021218396054405213,11,-3.8000000000000003,-21.919001266591728,-0.011156110401619663,signal
2025-11-20 13:00:00+00:00,2025-11-20 16:00:00+00:00,SHORT,91363.790448,87738.83925202092,0.0214223993457541,3,-5.9,75.35306729474772,0.03849982143813376,tp
2025-11-20 17:00:00+00:00,2025-11-21 07:00:00+00:00,SHORT,87066.860744,82272.69057997876,0.022652593016832152,14,-5.9,106.29879761633559,0.053896125266584057,tp
2025-11-21 08:00:00+00:00,2025-11-21 14:00:00+00:00,SHORT,83465.1744,84937.47803431503,0.023884607295598975,6,-4.7,-37.57873285805618,-0.0188503197541467,stop
2025-11-21 15:00:00+00:00,2025-11-21 17:00:00+00:00,SHORT,82779.7232,85517.9983910447,0.02399166248273136,2,-4.7,-68.11841944819646,-0.0342989045413882,stop
2025-11-21 18:00:00+00:00,2025-11-23 01:00:00+00:00,SHORT,84438.42517599999,85844.4974488024,0.023359156573261375,31,4.5,-35.23126164452021,-0.01786203405894385,stop
2025-11-23 04:00:00+00:00,2025-11-24 00:00:00+00:00,LONG,86565.23683199998,86486.29085051735,0.022740270350247466,20,3.7,-4.1563960763948105,-0.0021114353149273707,stop
2025-11-24 01:00:00+00:00,2025-11-24 09:00:00+00:00,LONG,87100.864992,85748.9684301975,0.022590877190886167,8,-5.5,-32.88342681804503,-0.016711733712282975,stop
2025-11-24 10:00:00+00:00,2025-11-24 16:00:00+00:00,SHORT,85927.2032,87378.1750250097,0.022786354821700203,6,4.2,-35.43175754540716,-0.01809619065949883,stop
2025-11-24 17:00:00+00:00,2025-11-25 08:00:00+00:00,LONG,88411.42259999999,87175.2869879966,0.022101340748610913,15,-3.4,-29.648675392098607,-0.015173238913092515,stop
2025-11-25 09:00:00+00:00,2025-11-25 17:00:00+00:00,SHORT,87139.492592,87638.67489599998,0.022320098607182655,8,3.5,-13.48243780786925,-0.006931979823672316,signal
2025-11-25 18:00:00+00:00,2025-11-25 22:00:00+00:00,SHORT,87114.003,87666.397056,0.02229570069075781,4,4.2,-14.654123427685501,-0.007544852416363011,signal
2025-11-26 00:00:00+00:00,2025-11-26 09:00:00+00:00,LONG,87608.63088,86721.61716,0.022171841569459862,9,-4.0,-21.985861253961804,-0.011318655009941217,signal
2025-11-26 14:00:00+00:00,2025-11-26 16:00:00+00:00,SHORT,86794.80856,87864.26522399999,0.022293333373566898,2,4.2,-26.17799371428542,-0.013529059257716311,signal
2025-11-26 17:00:00+00:00,2025-11-28 16:00:00+00:00,LONG,89887.86280799999,91066.50568778883,0.02150239360909787,47,3.2,23.009071891770876,0.0119045021793101,stop
2025-11-28 19:00:00+00:00,2025-11-29 18:00:00+00:00,LONG,91231.77708,90173.71453322575,0.021236128075299593,23,3.9000000000000004,-24.780561907052334,-0.012790563541461443,stop
2025-11-29 19:00:00+00:00,2025-11-30 21:00:00+00:00,LONG,90749.07122399998,90920.7298349979,0.021294428684198816,26,3.2,1.334239276289587,0.0006904393567605074,stop
2025-11-30 23:00:00+00:00,2025-12-01 00:00:00+00:00,SHORT,90297.214392,88471.84927854575,0.02136972690535638,1,-4.9,36.71540633522258,0.019027205731876214,stop
2025-12-01 02:00:00+00:00,2025-12-01 21:00:00+00:00,SHORT,86657.51848,86445.58628225539,0.02235194421267123,19,-4.7,2.4155820964446355,0.00124709704112053,stop
2025-12-01 22:00:00+00:00,2025-12-02 13:00:00+00:00,SHORT,86521.07772,87803.35653599999,0.022392771792205547,15,4.5,-31.05594126512729,-0.01602931347020201,signal
2025-12-02 14:00:00+00:00,2025-12-03 02:00:00+00:00,LONG,89358.36955199999,92800.15856837973,0.021646914528644166,12,4.9,72.13821060986726,0.0372935844310392,tp
2025-12-03 03:00:00+00:00,2025-12-03 14:00:00+00:00,LONG,92718.29534399998,91832.33481936943,0.0210182053619143,11,4.0,-20.94865407590104,-0.010749668110599901,stop
2025-12-03 15:00:00+00:00,2025-12-04 14:00:00+00:00,LONG,92467.38477599999,92089.14884203271,0.021029891722986194,23,-4.5,-10.28298308832867,-0.005288025127158308,stop
2025-12-04 17:00:00+00:00,2025-12-04 19:00:00+00:00,LONG,92527.39274399998,91101.95508569977,0.020994008263331143,2,3.2,-32.23871960465422,-0.016596331329109173,stop
2025-12-04 20:00:00+00:00,2025-12-05 09:00:00+00:00,LONG,92597.088456,91104.08690175519,0.020908518594036887,13,3.2,-33.521002422281995,-0.017313959717224547,stop
2025-12-05 13:00:00+00:00,2025-12-06 14:00:00+00:00,SHORT,90419.486496,90092.35627199999,0.02130374713165336,25,4.7,4.661752379658341,0.002420088045389288,signal
2025-12-06 16:00:00+00:00,2025-12-07 15:00:00+00:00,SHORT,89665.580104,89348.10820631609,0.021493258376792765,23,-3.9000000000000004,4.5149530507891615,0.0023427460621352307,stop
2025-12-07 16:00:00+00:00,2025-12-07 21:00:00+00:00,LONG,89961.86196,90042.63686350068,0.02146682104144022,5,-3.7,-0.5844942196501173,-0.00030265931807326655,stop
2025-12-07 22:00:00+00:00,2025-12-08 00:00:00+00:00,SHORT,89536.473472,90433.09864799998,0.021533023010740088,2,4.2,-21.6322239094324,-0.011220085852344288,signal
2025-12-08 01:00:00+00:00,2025-12-08 15:00:00+00:00,LONG,90993.866904,90668.08791352736,0.021174485253847956,14,3.2,-9.206161459857698,-0.0047780820637268896,stop
2025-12-08 19:00:00+00:00,2025-12-09 04:00:00+00:00,LONG,90202.86460799999,89696.50921001895,0.021339738998719437,9,2.6,-13.108895443493822,-0.006810149821088595,stop
2025-12-09 05:00:00+00:00,2025-12-09 15:00:00+00:00,SHORT,89839.680712,91119.13579492053,0.021362592829419064,10,6.7,-29.65192768952033,-0.015450081320683911,stop
2025-12-09 16:00:00+00:00,2025-12-09 20:00:00+00:00,LONG,94280.05375199999,92785.97590166258,0.020326108281122933,4,4.7,-32.65018279106177,-0.017037723295692742,stop
2025-12-09 21:00:00+00:00,2025-12-10 14:00:00+00:00,LONG,92721.437856,91609.51509012701,0.020597300526031478,17,3.2,-25.180639390870887,-0.01318488330109045,stop
2025-12-10 15:00:00+00:00,2025-12-11 00:00:00+00:00,LONG,92147.37897599999,91434.6650170169,0.02067092070455318,9,-4.5,-17.009339655663315,-0.008929859910537642,stop
2025-12-11 01:00:00+00:00,2025-12-11 18:00:00+00:00,SHORT,90625.06190399999,90955.07001927114,0.020947040254883205,17,3.2,-9.194833074753173,-0.004843651250579042,stop
2025-12-11 19:00:00+00:00,2025-12-12 15:00:00+00:00,LONG,90926.673192,91079.80146533562,0.020890747126759642,20,-4.5,0.9176132937121415,0.00048307484480894253,stop
2025-12-12 18:00:00+00:00,2025-12-15 01:00:00+00:00,SHORT,90323.743152,89274.12888254868,0.020998606058780567,55,-3.9000000000000004,19.777653579573578,0.010427552195723265,stop
2025-12-15 13:00:00+00:00,2025-12-15 14:00:00+00:00,SHORT,89356.57750399999,89322.980450295,0.02127011933071842,1,-4.4,-1.5657079703230927,-0.0008237858154795016,stop
2025-12-15 15:00:00+00:00,2025-12-16 10:00:00+00:00,SHORT,86958.357616,87300.36727499761,0.02185312864124551,19,-2.6,-9.758840073764851,-0.0051353878589129286,stop
2025-12-16 13:00:00+00:00,2025-12-16 14:00:00+00:00,SHORT,86364.8528,87637.71402174301,0.0219807237234536,1,-3.2,-30.273232262519237,-0.015947028417051454,stop
2025-12-16 15:00:00+00:00,2025-12-16 17:00:00+00:00,LONG,88026.79514399999,87044.298808,0.02153142445481797,2,-3.7,-23.41626365590896,-0.012354635774165294,signal
2025-12-16 18:00:00+00:00,2025-12-17 13:00:00+00:00,SHORT,87700.943072,87761.89075467087,0.021523516097193007,19,-3.2,-3.5777547060495642,-0.0018953659692166217,stop
2025-12-17 14:00:00+00:00,2025-12-17 15:00:00+00:00,LONG,89729.72639999999,88312.46660907859,0.02106257583470625,1,-3.2,-32.10115813898047,-0.016985286458277245,stop
2025-12-17 16:00:00+00:00,2025-12-18 13:00:00+00:00,SHORT,86884.4368,87881.55914369265,0.021643721882377998,21,4.5,-23.850990656009937,-0.012683306491305559,stop
2025-12-18 15:00:00+00:00,2025-12-18 17:00:00+00:00,LONG,88522.751592,87029.19015530385,0.021223242059665297,2,-3.3,-33.933684714232285,-0.018061939704651368,stop
2025-12-18 18:00:00+00:00,2025-12-19 03:00:00+00:00,SHORT,85865.24280800001,86643.890638858,0.021766140004510996,9,-3.9000000000000004,-19.201072471060673,-0.010273694944282185,stop
2025-12-19 04:00:00+00:00,2025-12-19 10:00:00+00:00,SHORT,86972.48630399999,88296.60081599999,0.02144491704696572,6,3.6,-30.650704491034983,-0.016433656493114023,signal
2025-12-19 11:00:00+00:00,2025-12-19 17:00:00+00:00,LONG,88216.977168,86846.01123146772,0.021106700168036566,6,-4.0,-31.153568166978957,-0.01673151559887457,stop
2025-12-19 20:00:00+00:00,2025-12-21 01:00:00+00:00,LONG,88092.14738399998,87921.14676799999,0.021065823046882093,29,-3.6,-5.826987662666532,-0.0031399914828439085,signal
2025-12-21 02:00:00+00:00,2025-12-21 08:00:00+00:00,SHORT,87852.9114,88464.88303145167,0.02107616348267267,6,5.3,-15.127675747438234,-0.008170045780754183,stop
2025-12-21 09:00:00+00:00,2025-12-21 13:00:00+00:00,LONG,88931.07799199999,88322.56366391119,0.020819935448770727,4,-5.5,-14.883474656862283,-0.008038433011535683,stop
2025-12-21 15:00:00+00:00,2025-12-21 16:00:00+00:00,SHORT,87965.161528,88393.87857599999,0.020981089135053674,1,4.2,-11.215073441921621,-0.00607663832791628,signal
2025-12-21 18:00:00+00:00,2025-12-21 21:00:00+00:00,LONG,88486.752816,88067.459624,0.020865444363574105,3,-4.0,-10.959068027794217,-0.005935642373001929,signal
2025-12-21 23:00:00+00:00,2025-12-22 02:00:00+00:00,LONG,88710.86196,87956.02284484988,0.020788005098751713,3,3.7,-17.895130635740056,-0.009703876470292644,stop
2025-12-22 03:00:00+00:00,2025-12-22 17:00:00+00:00,LONG,88821.01000799998,89062.35786425359,0.020721898582613665,14,4.7,2.7895371352688416,0.0015156080247018902,stop
2025-12-22 18:00:00+00:00,2025-12-22 19:00:00+00:00,LONG,89162.20274399998,88096.91137619555,0.020648865309330616,1,3.2,-24.19317771237772,-0.013140622373816233,stop
2025-12-23 00:00:00+00:00,2025-12-23 03:00:00+00:00,LONG,88790.77584,87701.59376814323,0.020680704626368934,3,2.6,-24.715044651210892,-0.013459477995497847,stop
2025-12-23 05:00:00+00:00,2025-12-23 16:00:00+00:00,SHORT,87631.728488,88049.12962403422,0.02086437326926802,11,-3.2,-10.908095705183497,-0.005965985835518912,stop
2025-12-23 17:00:00+00:00,2025-12-23 20:00:00+00:00,SHORT,87058.29759999999,88236.87849618706,0.02097676235239243,3,-4.0,-26.92908652268004,-0.014745958021636947,stop
2025-12-23 21:00:00+00:00,2025-12-24 22:00:00+00:00,SHORT,87593.259288,87867.91671467519,0.020787212688611653,25,3.9,-7.897771615300749,-0.004337481392576059,stop
2025-12-25 09:00:00+00:00,2025-12-25 15:00:00+00:00,SHORT,87386.04519199999,88049.0959892717,0.020818443222045593,6,4.5,-15.995057291833312,-0.008792157606999735,stop
2025-12-25 16:00:00+00:00,2025-12-25 22:00:00+00:00,LONG,88094.35915199999,87399.3209735473,0.020647780219259497,6,-3.3,-16.525128514946267,-0.00908496746252614,stop
2025-12-25 23:00:00+00:00,2025-12-26 02:00:00+00:00,SHORT,87101.94265599998,87851.80381373197,0.020811735433460682,3,5.7,-17.790566677319042,-0.009814171527607564,stop
2025-12-26 03:00:00+00:00,2025-12-26 14:00:00+00:00,LONG,88823.00159999999,87919.52037773262,0.020401070715193256,11,-4.0,-20.59542631887533,-0.011365600320514322,stop
2025-12-26 15:00:00+00:00,2025-12-28 14:00:00+00:00,SHORT,86990.36199199999,88031.56375103863,0.020750247362147752,47,3.8000000000000003,-23.784243005735615,-0.013176343772312072,stop
2025-12-28 18:00:00+00:00,2025-12-28 22:00:00+00:00,SHORT,87459.99598400001,87886.4729277934,0.020584479407749587,4,-2.8000000000000003,-10.94445533451679,-0.006079177333117295,stop
2025-12-28 23:00:00+00:00,2025-12-29 02:00:00+00:00,LONG,87947.59183199999,89017.49833535186,0.020478225980603254,3,4.9,19.735428489481748,0.010957974279641442,tp
2025-12-29 03:00:00+00:00,2025-12-29 07:00:00+00:00,LONG,90090.80503199999,89316.14535617172,0.020034907033086122,4,4.7,-17.6768755307699,-0.009793494971521011,stop
2025-12-29 08:00:00+00:00,2025-12-29 09:00:00+00:00,LONG,89519.48834399998,88740.14342306044,0.020123246158684147,1,3.9000000000000004,-17.83524715670972,-0.00990064528289038,stop
2025-12-29 12:00:00+00:00,2025-12-29 15:00:00+00:00,SHORT,87196.626848,87648.052392,0.020585412494693336,3,3.7,-11.452330940675939,-0.006380204964967154,signal
2025-12-29 16:00:00+00:00,2025-12-29 19:00:00+00:00,LONG,87602.015592,87173.93501599999,0.02049679435090269,3,-3.6,-10.923687562145545,-0.006083720137753055,signal
2025-12-29 20:00:00+00:00,2025-12-30 08:00:00+00:00,SHORT,87006.69891199999,88032.21813603913,0.02057895461687698,12,-3.2,-23.265384328307558,-0.012993741727995063,stop
2025-12-30 14:00:00+00:00,2025-12-30 17:00:00+00:00,LONG,88839.004392,87981.29721012029,0.020134368073189225,3,3.7,-19.405491120145633,-0.010848831202432688,stop
2025-12-30 18:00:00+00:00,2025-12-31 15:00:00+00:00,LONG,88297.08119999999,88062.5218477541,0.020213952560207547,21,3.2,-6.8803264085778375,-0.003854885228918901,stop
2025-12-31 16:00:00+00:00,2025-12-31 20:00:00+00:00,SHORT,87461.035152,87593.99918399999,0.020358832856261944,4,3.7,-4.84534221419873,-0.002721178090197193,signal
2025-12-31 21:00:00+00:00,2026-01-01 17:00:00+00:00,SHORT,87579.3804,88195.80618331606,0.020320265966475518,20,4.1,-14.669014990583381,-0.008242703841577487,stop
2026-01-01 21:00:00+00:00,2026-01-02 10:00:00+00:00,LONG,88348.6224,89506.70141247,0.02014236105066358,13,5.9,21.176989906158884,0.011900194814837683,tp
2026-01-02 11:00:00+00:00,2026-01-02 14:00:00+00:00,LONG,89483.519592,88819.23923034451,0.019934269965490213,3,5.2,-15.374545259987762,-0.008619039801579815,stop
2026-01-02 15:00:00+00:00,2026-01-02 18:00:00+00:00,LONG,89423.501616,89026.50817218033,0.01991323573613348,3,5.2,-10.03753429969687,-0.0056368118065551615,stop
2026-01-02 19:00:00+00:00,2026-01-05 00:00:00+00:00,LONG,89915.91523199998,91525.07098881816,0.019781838961157296,53,5.9,29.678518222572045,0.016685490674422317,stop
2026-01-05 01:00:00+00:00,2026-01-05 06:00:00+00:00,LONG,93001.57178399999,92199.65158706451,0.01918938113773852,5,4.7,-17.52069041851087,-0.009817478494650506,stop
2026-01-05 07:00:00+00:00,2026-01-05 14:00:00+00:00,LONG,92552.002416,92294.32976466547,0.019244701567578834,7,6.7,-7.093220776266985,-0.003982414653615483,stop
2026-01-05 15:00:00+00:00,2026-01-06 07:00:00+00:00,LONG,94022.75808,93138.26162965785,0.018928564990540825,16,2.6,-18.867862259366152,-0.010601614784793018,stop
2026-01-06 10:00:00+00:00,2026-01-06 16:00:00+00:00,LONG,93624.53975999999,92842.09587087018,0.018968737257879606,6,-4.5,-16.9641945231224,-0.00955223782996279,stop
2026-01-06 17:00:00+00:00,2026-01-06 20:00:00+00:00,SHORT,91454.75761599999,92618.79725120182,0.01935066021285333,3,3.7,-24.662102343728673,-0.013935674877336058,stop
2026-01-06 21:00:00+00:00,2026-01-07 01:00:00+00:00,LONG,93293.23492799999,92201.30367057225,0.018946790486798343,4,3.2,-22.797308456033196,-0.01289726936273021,stop
2026-01-07 07:00:00+00:00,2026-01-07 09:00:00+00:00,LONG,92896.637904,91763.84234698517,0.01897855839064763,2,3.2,-23.601580447605233,-0.013386833724279242,stop
2026-01-07 10:00:00+00:00,2026-01-08 17:00:00+00:00,SHORT,91817.43724,91113.08493426822,0.01911956120487776,31,4.0,11.368376230264836,0.006475828669373771,stop
2026-01-08 18:00:00+00:00,2026-01-09 07:00:00+00:00,LONG,91118.84680799999,90569.4864,0.019321970484433258,13,-4.2,-12.72107155565859,-0.0072254361308158,signal
2026-01-09 08:00:00+00:00,2026-01-09 13:00:00+00:00,SHORT,89831.417328,90833.49976286554,0.019539252975854775,5,-3.7,-21.69797670883853,-0.012361837519109608,stop
2026-01-09 14:00:00+00:00,2026-01-09 15:00:00+00:00,SHORT,89979.90844,90951.95671072628,0.019458818029953997,1,3.3,-21.02734256026714,-0.01200942975550244,stop
2026-01-09 16:00:00+00:00,2026-01-09 18:00:00+00:00,LONG,91626.28243199999,90426.89711360884,0.019093839372023722,2,-3.4,-24.986527114970293,-0.01428211634679935,stop
2026-01-09 19:00:00+00:00,2026-01-11 12:00:00+00:00,SHORT,90145.715688,90862.64845821443,0.01932102085692171,41,4.1,-15.950232833691558,-0.009157815015406872,stop
2026-01-11 14:00:00+00:00,2026-01-11 15:00:00+00:00,LONG,91069.317216,90665.08299657673,0.019120639863928094,1,-3.3000000000000003,-9.814143740679281,-0.005636089906476547,stop
2026-01-11 19:00:00+00:00,2026-01-11 23:00:00+00:00,SHORT,90481.466872,90956.99846210767,0.019192422050495605,4,-2.8000000000000003,-11.215949137421497,-0.0064587223164148,stop
2026-01-12 00:00:00+00:00,2026-01-12 02:00:00+00:00,LONG,91192.896,91176.10376669088,0.019048569679709283,2,4.9,-2.4041891859513718,-0.0013840292249203978,stop
2026-01-12 03:00:00+00:00,2026-01-12 08:00:00+00:00,LONG,91751.332392,91052.58860524674,0.01892738738467019,5,3.9000000000000004,-15.301394711401196,-0.008811056126113475,stop
2026-01-12 14:00:00+00:00,2026-01-12 21:00:00+00:00,LONG,90864.623592,90818.7906742247,0.019078385135468882,7,3.9000000000000004,-2.9541537472583124,-0.0017041061770124541,stop
2026-01-13 00:00:00+00:00,2026-01-13 15:00:00+00:00,LONG,91439.913456,92062.81335384327,0.01895188780441508,15,5.9,9.718495123124814,0.005608035291985778,stop
2026-01-13 16:00:00+00:00,2026-01-13 22:00:00+00:00,LONG,93458.81728799999,94120.02433387452,0.01856330183701288,6,5.9,10.184936376170054,0.005870604366955239,stop
2026-01-13 23:00:00+00:00,2026-01-14 14:00:00+00:00,LONG,95460.53738399998,95052.98642700595,0.01819540198611497,15,5.9,-9.495435582051812,-0.005466751870266602,stop
2026-01-14 15:00:00+00:00,2026-01-15 03:00:00+00:00,LONG,96847.42600799998,95975.66061167694,0.017915212790301834,12,2.6,-17.690542554953673,-0.010196029868809096,stop
2026-01-15 05:00:00+00:00,2026-01-15 14:00:00+00:00,LONG,96480.442656,95649.53028960546,0.017946655907272128,9,3.2,-16.980952637136927,-0.009807068915878948,stop
2026-01-15 15:00:00+00:00,2026-01-15 19:00:00+00:00,LONG,96768.30275999999,95474.25404203172,0.017858145171096344,4,3.2,-25.169167156408484,-0.014564627174923149,stop
2026-01-16 07:00:00+00:00,2026-01-16 15:00:00+00:00,LONG,95705.43314399998,94729.74727938022,0.018003831982643083,8,-4.5,-19.623222169610212,-0.01138855900932856,stop
2026-01-16 17:00:00+00:00,2026-01-17 14:00:00+00:00,SHORT,94959.12187999999,95511.337992,0.01807502323052065,21,3.6,-12.046973844816568,-0.007018792662862493,signal
2026-01-17 15:00:00+00:00,2026-01-17 22:00:00+00:00,LONG,95617.58291999999,95041.92256640553,0.017954076847484582,7,-3.1,-12.389319474408873,-0.007216832258389647,stop
2026-01-17 23:00:00+00:00,2026-01-18 17:00:00+00:00,SHORT,95033.902008,95294.16439199999,0.018009415049903478,18,3.6,-6.7437915813990355,-0.003940269902928586,signal
2026-01-18 18:00:00+00:00,2026-01-18 23:00:00+00:00,LONG,95488.62984,95016.36864867558,0.017938216844011617,5,-4.9,-10.521915640643451,-0.006142764760584228,stop
2026-01-19 00:00:00+00:00,2026-01-20 14:00:00+00:00,SHORT,92594.1154,90623.2258292621,0.01844668636623397,38,-5.9,34.32853007557662,0.02009802845419635,tp
2026-01-20 15:00:00+00:00,2026-01-20 22:00:00+00:00,SHORT,90513.421288,88161.86403942533,0.018946525224545194,7,-5.9,42.5226732468067,0.02479579321432369,tp
2026-01-20 23:00:00+00:00,2026-01-21 03:00:00+00:00,SHORT,88239.95152,89441.2567029706,0.019530977985906983,4,-4.1000000000000005,-25.544837742741958,-0.014822241913946791,stop
2026-01-21 04:00:00+00:00,2026-01-21 14:00:00+00:00,SHORT,89255.80818400001,89882.6814063707,0.01925149416268614,10,-3.2,-14.137456333210453,-0.008227546543649506,stop
2026-01-21 15:00:00+00:00,2026-01-21 16:00:00+00:00,LONG,90280.32652799999,89064.26836347344,0.019032157686256393,1,-6.7,-25.192199509020163,-0.014661720580406898,stop
2026-01-21 17:00:00+00:00,2026-01-21 19:00:00+00:00,SHORT,87765.7312,89277.10146204015,0.01948879145003464,2,-3.2,-31.52499034676921,-0.018430837862573223,stop
2026-01-22 03:00:00+00:00,2026-01-23 16:00:00+00:00,SHORT,89730.088456,89950.381128897,0.018991935782848867,37,4.5,-6.231272260965148,-0.0036565321654489476,stop
2026-01-23 17:00:00+00:00,2026-01-23 19:00:00+00:00,LONG,90574.49167199999,89802.1008,0.01883123619889547,2,-3.7,-16.583103479057915,-0.009722569911539684,signal
2026-01-23 20:00:00+00:00,2026-01-25 13:00:00+00:00,SHORT,89323.523968,88798.19266247984,0.01902733767542231,41,-4.3,7.962146911810073,0.004684748842777206,stop
2026-01-25 14:00:00+00:00,2026-01-25 18:00:00+00:00,SHORT,88499.69356,87260.66427366354,0.01922243953515301,4,-5.9,21.790039828205703,0.01280877962439197,tp
2026-01-25 19:00:00+00:00,2026-01-26 01:00:00+00:00,SHORT,86322.826448,87203.55697614246,0.019757630745829848,6,-4.7,-19.4582306866303,-0.011408875250281518,stop
2026-01-26 02:00:00+00:00,2026-01-26 14:00:00+00:00,SHORT,87363.193488,88391.55465832869,0.019477836479377973,12,-3.2,-22.08424406432501,-0.01297816590658654,stop
2026-01-26 15:00:00+00:00,2026-01-26 23:00:00+00:00,SHORT,87488.093488,88587.37273768884,0.01939958472148559,8,-3.2,-23.375035491562024,-0.013772440127404603,stop
2026-01-27 06:00:00+00:00,2026-01-27 16:00:00+00:00,SHORT,88146.206576,88651.63938544766,0.0192017499152359,10,-3.2,-11.742091220191632,-0.006937468335603154,stop
2026-01-27 17:00:00+00:00,2026-01-27 18:00:00+00:00,SHORT,87359.726264,88417.99043002288,0.01934775837130972,1,-3.9000000000000004,-22.515582251020238,-0.013321136017786016,stop
2026-01-27 19:00:00+00:00,2026-01-27 20:00:00+00:00,SHORT,88215.700936,89331.42837778438,0.019109017366484057,1,4.5,-23.356105767776583,-0.013855308141340936,stop
2026-01-27 21:00:00+00:00,2026-01-28 15:00:00+00:00,LONG,89031.087936,89003.0472760794,0.01891181772689979,18,3.7,-2.550469317938684,-0.0015147646083444029,stop
2026-01-28 16:00:00+00:00,2026-01-29 01:00:00+00:00,LONG,89577.22449599998,88647.17756994271,0.018790816690348603,9,-5.5,-19.485730542345266,-0.011576397606995997,stop
2026-01-29 02:00:00+00:00,2026-01-29 15:00:00+00:00,SHORT,87690.931088,86292.17519162863,0.01911992656507801,13,-5.9,24.748183491712012,0.01476054611969694,stop
2026-01-29 16:00:00+00:00,2026-01-30 01:00:00+00:00,SHORT,85063.84444,81824.37427661606,0.019768561495018884,9,-5.9,62.06018112743819,0.0369056589532385,tp
2026-01-30 02:00:00+00:00,2026-01-30 14:00:00+00:00,SHORT,81964.545864,83646.46547971001,0.020667374272067954,12,-4.5,-36.81450904642114,-0.021732399096944195,stop
2026-01-30 15:00:00+00:00,2026-01-30 19:00:00+00:00,SHORT,82674.137736,84222.20131960434,0.020400998197397522,4,-3.2,-33.624953525904196,-0.019936118261079834,stop
2026-01-31 06:00:00+00:00,2026-01-31 16:00:00+00:00,SHORT,83554.07322399999,81989.35375363039,0.02010572626073215,10,-5.9,29.462798849843534,0.017538264235837448,stop
2026-01-31 17:00:00+00:00,2026-02-02 11:00:00+00:00,SHORT,78711.000784,77937.33815114766,0.021417630993655824,42,-2.6,14.556998992562406,0.008635052568527547,stop
2026-02-02 18:00:00+00:00,2026-02-03 18:00:00+00:00,SHORT,78446.182808,75258.24398850738,0.02152701610408408,24,-5.9,66.64153170350185,0.039462929266954806,stop
2026-02-03 19:00:00+00:00,2026-02-03 21:00:00+00:00,SHORT,74786.1232,76780.52844360523,0.02275863237028133,2,-4.7,-47.459605559183586,-0.02788412001267359,stop
2026-02-03 22:00:00+00:00,2026-02-05 05:00:00+00:00,SHORT,75542.827352,70254.90586098249,0.022405112650150372,31,-4.4,116.5165079093343,0.06884098773345734,tp
2026-02-05 06:00:00+00:00,2026-02-05 18:00:00+00:00,SHORT,70748.375984,65819.84416648906,0.024252573883265717,12,-4.4,117.5423035306265,0.0685046238590229,tp
2026-02-05 19:00:00+00:00,2026-02-06 05:00:00+00:00,SHORT,65066.95476,66303.29709714324,0.026731232098168384,10,-3.4,-35.15596718288068,-0.020212479485301218,stop
2026-02-06 06:00:00+00:00,2026-02-06 14:00:00+00:00,SHORT,64846.0816,68016.79385319246,0.0267139395070057,8,4.5,-86.83178981645521,-0.050125310554838175,stop
2026-02-06 16:00:00+00:00,2026-02-06 20:00:00+00:00,LONG,69975.93599999999,69908.01880800001,0.024546837645342746,4,-3.7,-3.7273775220673175,-0.0021699969098631132,signal
2026-02-07 05:00:00+00:00,2026-02-08 08:00:00+00:00,SHORT,70071.8976,70488.31767745281,0.024463401389715256,27,5.7,-12.250200080918784,-0.007146320047985773,stop
2026-02-08 09:00:00+00:00,2026-02-09 08:00:00+00:00,LONG,70106.04,69862.19407593437,0.024455665562337865,23,-5.5,-8.017224160835353,-0.004676157211435471,stop
2026-02-09 09:00:00+00:00,2026-02-09 16:00:00+00:00,SHORT,69509.178136,70191.72180191793,0.024603178471213114,7,-3.9000000000000004,-18.854995331231777,-0.01102536710161104,stop
2026-02-09 17:00:00+00:00,2026-02-09 18:00:00+00:00,SHORT,70513.633928,70433.34163199998,0.02419927378218384,1,3.5,-0.10347341670384069,-6.0639185612697595e-05,signal
2026-02-09 19:00:00+00:00,2026-02-10 03:00:00+00:00,LONG,70978.85769599999,69366.13738848724,0.02407886614303144,8,-3.4,-40.86008542103821,-0.023907503722183313,stop
2026-02-10 06:00:00+00:00,2026-02-10 17:00:00+00:00,SHORT,68816.482736,69968.4107211577,0.024677119603990577,11,-3.2,-30.481151513962097,-0.01794917252557904,stop
2026-02-10 18:00:00+00:00,2026-02-11 14:00:00+00:00,SHORT,68802.90360800001,67943.4410369288,0.02459345657160502,20,-5.2,19.11931624354941,0.011299156336679125,stop
2026-02-11 15:00:00+00:00,2026-02-11 19:00:00+00:00,SHORT,66436.808,67866.6597886145,0.025526843885121407,4,-3.2,-38.55660958010615,-0.022734895229880203,stop
2026-02-11 23:00:00+00:00,2026-02-12 13:00:00+00:00,SHORT,66971.31005599999,68400.6768,0.025208061060350253,14,4.5,-38.07904334670256,-0.022555777016314754,signal
2026-02-12 14:00:00+00:00,2026-02-13 11:00:00+00:00,SHORT,67491.653448,67151.78168094374,0.02490096287914685,21,-2.6,6.451483547098036,0.003838781430632934,stop
2026-02-13 13:00:00+00:00,2026-02-14 11:00:00+00:00,LONG,67265.11908,69894.35848540357,0.02504402926062012,22,4.9,63.78573302039082,0.037864256448207366,tp
2026-02-14 12:00:00+00:00,2026-02-15 12:00:00+00:00,LONG,69655.920192,69718.20081488865,0.02436773440220692,24,-4.0,-0.5201012609875753,-0.0003064183152939963,stop
2026-02-15 13:00:00+00:00,2026-02-16 12:00:00+00:00,SHORT,68841.352824,69423.27813290078,0.024615138372077128,23,4.5,-16.366213814587482,-0.009658207751593265,stop
2026-02-16 13:00:00+00:00,2026-02-16 23:00:00+00:00,SHORT,68315.15412,68949.8501843209,0.024756861388971062,10,-2.6,-17.75203289958883,-0.010496281185927303,stop
2026-02-17 00:00:00+00:00,2026-02-17 14:00:00+00:00,SHORT,68794.92,68132.93303545308,0.024532643326867474,14,-6.7,14.22476878024564,0.008428387629866326,stop
2026-02-17 15:00:00+00:00,2026-02-18 08:00:00+00:00,SHORT,67308.440136,68396.64596093397,0.02511667050131542,17,-2.6,-29.377183102188024,-0.017377150238942228,stop
2026-02-18 10:00:00+00:00,2026-02-18 15:00:00+00:00,SHORT,67708.13012799999,68331.12145354919,0.024881696974904312,5,-3.2,-17.532013841036065,-0.010406650946733834,stop
2026-02-18 16:00:00+00:00,2026-02-19 17:00:00+00:00,SHORT,67047.49905599999,66914.26705415528,0.025074605356004625,25,-5.2,1.3253168162431668,0.0007883208609237929,stop
2026-02-19 18:00:00+00:00,2026-02-20 05:00:00+00:00,SHORT,66949.24772,68026.90218937107,0.0251153595822488,11,4.5,-29.099664227672896,-0.017306246130836995,stop
2026-02-20 08:00:00+00:00,2026-02-20 11:00:00+00:00,LONG,67906.28159999999,67237.78855403035,0.02471527350615965,3,2.9,-18.52606206206074,-0.011038441074971948,stop
2026-02-20 12:00:00+00:00,2026-02-20 13:00:00+00:00,LONG,67575.24698399998,66755.45655612492,0.024781472812736564,1,-4.0,-22.312961807144823,-0.01332424060858154,stop
2026-02-20 14:00:00+00:00,2026-02-20 15:00:00+00:00,SHORT,67013.336408,67944.7608613606,0.024882776656088235,1,4.2,-25.191305960361262,-0.015107430341303718,stop
2026-02-20 16:00:00+00:00,2026-02-21 22:00:00+00:00,LONG,67841.219592,67907.42056799999,0.024544159166442276,30,-4.0,-0.3742544465114337,-0.00022476317772160564,signal
2026-02-21 23:00:00+00:00,2026-02-22 10:00:00+00:00,SHORT,67901.415376,68167.09008,0.02448209440145825,11,3.6,-8.50301838079071,-0.00511500099593432,signal
2026-02-22 12:00:00+00:00,2026-02-23 00:00:00+00:00,SHORT,67858.45976799999,67459.68652692306,0.02447255100855923,12,-6.7,7.772050340551799,0.004680070169375293,stop
2026-02-23 01:00:00+00:00,2026-02-23 05:00:00+00:00,SHORT,64366.445616000005,65252.63874111876,0.025824368095315648,4,-3.9000000000000004,-24.89377603457448,-0.014976197093185588,stop
2026-02-23 06:00:00+00:00,2026-02-23 10:00:00+00:00,SHORT,65700.10783200001,66614.59092658569,0.025224433673832865,4,-4.7,-25.069856170963412,-0.015127401561991891,stop
2026-02-23 11:00:00+00:00,2026-02-23 20:00:00+00:00,SHORT,66151.076768,63933.81096069712,0.024976737084860298,9,-5.2,53.4306074925466,0.032338322808684615,tp
2026-02-23 21:00:00+00:00,2026-02-24 16:00:00+00:00,SHORT,64520.462304,64117.88033556056,0.025773461093333835,19,-3.2,8.386657508972592,0.005043345184393195,stop
2026-02-24 21:00:00+00:00,2026-02-25 01:00:00+00:00,SHORT,63981.663688,65056.20162261433,0.02601669788816151,4,4.5,-29.97021230898181,-0.018004543605150955,stop
2026-02-25 13:00:00+00:00,2026-02-25 18:00:00+00:00,LONG,66296.78503199999,68973.39285465208,0.025057900696413688,5,4.9,65.0364210124582,0.03914889258457007,tp
2026-02-25 22:00:00+00:00,2026-02-26 15:00:00+00:00,LONG,68508.51299999999,67088.60291833448,0.024438947402831448,17,3.2,-36.68941827291584,-0.021913602930142603,stop
2026-02-26 16:00:00+00:00,2026-02-26 19:00:00+00:00,SHORT,66587.727168,67859.59896066238,0.024993603222908743,3,3.7,-33.80485281039765,-0.02031215429424607,stop
2026-02-26 20:00:00+00:00,2026-02-27 10:00:00+00:00,LONG,67488.817896,66759.86550248977,0.024599124185453475,14,3.2,-19.91303047403327,-0.011994603384471064,stop
2026-02-27 11:00:00+00:00,2026-02-28 06:00:00+00:00,SHORT,66070.811032,64576.7683844427,0.02502666797530121,19,-5.9,35.42910512625716,0.021426316368687966,stop
2026-02-28 07:00:00+00:00,2026-02-28 13:00:00+00:00,SHORT,63769.96318399999,64918.64930740213,0.026040667424155173,6,-3.9000000000000004,-31.9232357297558,-0.019223772912645435,stop
2026-02-28 14:00:00+00:00,2026-02-28 18:00:00+00:00,SHORT,64383.471983999996,65651.44578502465,0.025693439830458728,4,-3.2,-34.583235164559355,-0.020905905043775326,stop
2026-02-28 19:00:00+00:00,2026-03-01 16:00:00+00:00,LONG,66410.34580799998,65815.00909730043,0.02484491768212692,21,-4.0,-16.762168405346035,-0.010159138842512468,stop
2026-03-01 17:00:00+00:00,2026-03-02 00:00:00+00:00,SHORT,65933.381064,66869.66842113514,0.024933834296344583,7,-3.2,-25.332007354516886,-0.015409026056771469,stop
2026-03-02 01:00:00+00:00,2026-03-02 03:00:00+00:00,SHORT,66485.139304,66878.650152,0.02465076657512831,2,3.5,-11.672855844901576,-0.007122330292614969,signal
2026-03-02 04:00:00+00:00,2026-03-02 07:00:00+00:00,LONG,66929.821056,65522.99168911851,0.024491288635357624,3,-2.6999999999999997,-36.40142812549534,-0.022206858334268886,stop
2026-03-02 12:00:00+00:00,2026-03-02 14:00:00+00:00,SHORT,65907.871488,66940.8165680975,0.024720908868765386,2,5.7,-27.505825377991826,-0.016881963683711813,stop
2026-03-02 15:00:00+00:00,2026-03-03 08:00:00+00:00,LONG,69207.77196,67624.90459931483,0.023500335928659688,17,2.6,-39.12728302570927,-0.024057514343664408,stop
2026-03-03 12:00:00+00:00,2026-03-03 14:00:00+00:00,LONG,67435.845552,66117.22577192269,0.024001688711911537,2,3.2,-33.5724010374467,-0.020741960175958345,stop
2026-03-03 15:00:00+00:00,2026-03-04 09:00:00+00:00,LONG,67778.1792,71595.42886141634,0.02378131634984956,18,5.9,88.79052906602098,0.0550859515650649,tp
2026-03-04 10:00:00+00:00,2026-03-05 15:00:00+00:00,LONG,71407.28016,71686.1244704518,0.02282157547267444,29,-4.5,4.404296316052326,0.0027026413447076344,stop
2026-03-05 17:00:00+00:00,2026-03-05 20:00:00+00:00,SHORT,70645.828088,71290.306656,0.023043136640128095,3,3.7,-16.813199952304796,-0.01032814348127577,signal
2026-03-05 21:00:00+00:00,2026-03-06 12:00:00+00:00,LONG,71198.55331199999,69796.65138247368,0.022853594513187567,15,-5.7,-33.971846586484446,-0.020878219896252572,stop
2026-03-06 13:00:00+00:00,2026-03-08 08:00:00+00:00,SHORT,69171.478512,67510.3189212292,0.023387566968166237,43,-2.6,36.932488359484225,0.02282950352198854,stop
2026-03-08 12:00:00+00:00,2026-03-09 03:00:00+00:00,SHORT,67261.577656,67191.07544972052,0.024161389475158453,15,-3.2,-0.24570648581707366,-0.00015119160058909152,stop
2026-03-09 13:00:00+00:00,2026-03-10 14:00:00+00:00,LONG,69043.49064,69704.3055628396,0.02357479718474875,25,6.7,13.616007089411106,0.008365252680073485,stop
2026-03-10 15:00:00+00:00,2026-03-10 18:00:00+00:00,LONG,71427.716496,69950.95908979171,0.022826036568527563,3,3.9000000000000004,-35.64478744831301,-0.021862446234679932,stop
2026-03-10 20:00:00+00:00,2026-03-11 11:00:00+00:00,LONG,70311.18398399999,69124.626024,0.023087038449784228,15,-3.9,-29.325605189576233,-0.018065681361500642,signal
2026-03-11 13:00:00+00:00,2026-03-12 02:00:00+00:00,LONG,70248.25368,69308.5412661631,0.023024162313293184,13,3.2,-23.563998123255296,-0.01456899548658779,stop
2026-03-12 10:00:00+00:00,2026-03-12 14:00:00+00:00,LONG,70487.43487199998,69461.84767845627,0.022879122045197025,4,3.9000000000000004,-25.385684598443596,-0.015741199337000484,stop
2026-03-12 15:00:00+00:00,2026-03-13 13:00:00+00:00,LONG,70409.812824,73402.03751175526,0.022832178669166522,22,5.9,66.34888597215365,0.04127176967246947,tp
2026-03-13 14:00:00+00:00,2026-03-13 16:00:00+00:00,LONG,72481.27867199999,71218.22303561414,0.022362875616631292,2,4.7,-30.173676543097375,-0.0186155013009125,stop
2026-03-13 22:00:00+00:00,2026-03-14 12:00:00+00:00,SHORT,70768.409944,70840.63720799999,0.022782320001270426,14,3.8000000000000003,-3.5812142176390447,-0.002221226849883658,signal
2026-03-14 13:00:00+00:00,2026-03-15 22:00:00+00:00,LONG,70922.182392,71753.42168941477,0.0227592184292926,33,6.7,16.970045594182263,0.010513409342716792,stop
2026-03-15 23:00:00+00:00,2026-03-16 08:00:00+00:00,LONG,72888.274008,72834.49621975944,0.022191912030874183,9,4.7,-3.1337520845230995,-0.0019373685589222016,stop
2026-03-16 09:00:00+00:00,2026-03-17 04:00:00+00:00,LONG,73322.56116,74103.9180360173,0.02205191536507085,19,4.1000000000000005,15.27979395476925,0.009450037990185463,stop
2026-03-17 07:00:00+00:00,2026-03-18 11:00:00+00:00,LONG,74311.50168,73369.19030088701,0.02179960409876268,28,-4.5,-22.47364337335098,-0.01387295063341424,stop
2026-03-18 12:00:00+00:00,2026-03-19 07:00:00+00:00,SHORT,72323.864584,69755.86900506624,0.02230080384642523,19,-4.9,55.36727032269559,0.03432819516850827,tp
2026-03-19 09:00:00+00:00,2026-03-19 19:00:00+00:00,SHORT,70447.736688,70549.360091906,0.02305176843362114,10,-4.0,-4.292738629147252,-0.0026434016297596278,stop
2026-03-19 21:00:00+00:00,2026-03-20 03:00:00+00:00,SHORT,70355.28071199999,70786.273752,0.023069868181763997,6,4.5,-11.896622853930012,-0.007329627107726765,signal
2026-03-20 08:00:00+00:00,2026-03-20 10:00:00+00:00,LONG,71095.69108799999,70551.18386399999,0.022832675476422197,2,-3.7,-14.37306301697657,-0.00885419832535324,signal
2026-03-20 11:00:00+00:00,2026-03-21 14:00:00+00:00,SHORT,70416.511688,71019.55773954252,0.022975255080238576,27,-4.4,-15.804854722906617,-0.009769124836047183,stop
2026-03-21 15:00:00+00:00,2026-03-21 23:00:00+00:00,SHORT,70560.20663999999,69813.61945425822,0.022883703897902525,8,-5.9,15.157316249668927,0.009387201676783684,stop
2026-03-22 00:00:00+00:00,2026-03-23 05:00:00+00:00,SHORT,68879.822024,68762.73343553997,0.02348594793465417,29,-3.2,0.8103369576450739,0.0005009167296088897,stop
2026-03-23 06:00:00+00:00,2026-03-23 11:00:00+00:00,SHORT,67804.453008,68837.86693847005,0.023860820046002564,5,4.5,-26.61434251212471,-0.016450237011812946,stop
2026-03-23 15:00:00+00:00,2026-03-23 16:00:00+00:00,SHORT,70047.91679999999,70605.4392,0.023020688051837997,1,3.7,-14.777311471464152,-0.009163932960815784,signal
2026-03-23 17:00:00+00:00,2026-03-24 13:00:00+00:00,LONG,71124.33398399998,69975.9295924885,0.022667003992427454,20,-5.5,-27.94987907000464,-0.01733674651961972,stop
2026-03-24 14:00:00+00:00,2026-03-24 21:00:00+00:00,SHORT,69778.752304,70351.22599199999,0.02298712124556212,7,3.5,-15.092232956686944,-0.009409048647319567,signal
2026-03-24 22:00:00+00:00,2026-03-25 15:00:00+00:00,LONG,70341.187968,70533.2260900476,0.022796888985729236,17,3.9000000000000004,2.4509727224204214,0.0015284568930180634,stop
